{"cameraMode":{"drawMode":0,"name":"Shaded","section":"Shading Mode"},"sceneLighting":true,"audioPlay":false,"sceneViewState":{"m_AlwaysRefresh":false,"showFog":true,"showSkybox":false,"showFlares":true,"showImageEffects":true,"showParticleSystems":true,"showVisualEffectGraphs":true,"m_FxEnabled":true},"in2DMode":false,"pivot":{"x":0.06319442391395569,"y":2.690000057220459,"z":1.9359999895095826},"rotation":{"x":-0.19999490678310395,"y":0.7905851006507874,"z":-0.3350091576576233,"w":-0.4719671308994293},"size":0.3473111391067505,"orthographic":false}